075443,0754**,07****,******
075531,0755**,07****,******
075614,0756**,07****,******
075916,0759**,07****,******
080143,0801**,08****,******
080407,0804**,08****,******
080714,0807**,08****,******
080823,0808**,08****,******
080832,0808**,08****,******
080834,0808**,08****,******
081054,0810**,08****,******
081412,0814**,08****,******
081514,0815**,08****,******
081830,0818**,08****,******
083046,0830**,08****,******
083211,0832**,08****,******
083520,0835**,08****,******
083549,0835**,08****,******
083738,0837**,08****,******
083940,0839**,08****,******
083958,0839**,08****,******
084130,0841**,08****,******
084159,0841**,08****,******
084322,0843**,08****,******
084353,0843**,08****,******
084433,0844**,08****,******
084450,0844**,08****,******
084520,0845**,08****,******
084735,0847**,08****,******
084742,0847**,08****,******
084824,0848**,08****,******
084829,0848**,08****,******
084910,0849**,08****,******
085026,0850**,08****,******
085056,0850**,08****,******
085111,0851**,08****,******
085141,0851**,08****,******
085344,0853**,08****,******
085402,0854**,08****,******
085408,0854**,08****,******
085524,0855**,08****,******
085605,0856**,08****,******
085622,0856**,08****,******
085640,0856**,08****,******
085823,0858**,08****,******
085853,0858**,08****,******
085931,0859**,08****,******
090033,0900**,09****,******
090113,0901**,09****,******
090149,0901**,09****,******
090311,0903**,09****,******
090313,0903**,09****,******
090315,0903**,09****,******
090321,0903**,09****,******
090322,0903**,09****,******
090409,0904**,09****,******
090424,0904**,09****,******
090539,0905**,09****,******
090557,0905**,09****,******
090652,0906**,09****,******
090725,0907**,09****,******
090749,0907**,09****,******
090757,0907**,09****,******
090830,0908**,09****,******
090846,0908**,09****,******
090907,0909**,09****,******
090936,0909**,09****,******
091016,0910**,09****,******
091053,0910**,09****,******
091216,0912**,09****,******
091240,0912**,09****,******
091309,0913**,09****,******
091327,0913**,09****,******
091337,0913**,09****,******
091354,0913**,09****,******
091409,0914**,09****,******
091422,0914**,09****,******
091604,0916**,09****,******
091629,0916**,09****,******
091705,0917**,09****,******
091758,0917**,09****,******
091808,0918**,09****,******
091815,0918**,09****,******
091859,0918**,09****,******
091920,0919**,09****,******
092007,0920**,09****,******
092024,0920**,09****,******
092026,0920**,09****,******
092041,0920**,09****,******
092046,0920**,09****,******
092050,0920**,09****,******
092143,0921**,09****,******
092306,0923**,09****,******
092338,0923**,09****,******
092439,0924**,09****,******
092446,0924**,09****,******
092530,0925**,09****,******
092616,0926**,09****,******
092651,0926**,09****,******
092654,0926**,09****,******
092656,0926**,09****,******
092756,0927**,09****,******
092818,0928**,09****,******
092823,0928**,09****,******
093107,0931**,09****,******
093111,0931**,09****,******
093208,0932**,09****,******
093221,0932**,09****,******
093229,0932**,09****,******
093301,0933**,09****,******
093348,0933**,09****,******
093404,0934**,09****,******
093414,0934**,09****,******
093437,0934**,09****,******
093647,0936**,09****,******
093703,0937**,09****,******
093747,0937**,09****,******
093912,0939**,09****,******
094154,0941**,09****,******
094157,0941**,09****,******
094344,0943**,09****,******
094347,0943**,09****,******
094420,0944**,09****,******
094437,0944**,09****,******
094537,0945**,09****,******
094552,0945**,09****,******
094716,0947**,09****,******
094745,0947**,09****,******
094901,0949**,09****,******
094904,0949**,09****,******
094906,0949**,09****,******
094908,0949**,09****,******
094910,0949**,09****,******
094913,0949**,09****,******
094918,0949**,09****,******
094924,0949**,09****,******
094947,0949**,09****,******
094954,0949**,09****,******
094956,0949**,09****,******
095033,0950**,09****,******
095056,0950**,09****,******
095140,0951**,09****,******
095336,0953**,09****,******
095346,0953**,09****,******
095522,0955**,09****,******
095546,0955**,09****,******
095623,0956**,09****,******
095624,0956**,09****,******
095636,0956**,09****,******
095720,0957**,09****,******
095722,0957**,09****,******
095756,0957**,09****,******
095803,0958**,09****,******
095822,0958**,09****,******
095901,0959**,09****,******
095928,0959**,09****,******
100017,1000**,10****,******
100022,1000**,10****,******
100156,1001**,10****,******
100200,1002**,10****,******
100256,1002**,10****,******
100336,1003**,10****,******
100348,1003**,10****,******
100435,1004**,10****,******
100515,1005**,10****,******
100543,1005**,10****,******
100623,1006**,10****,******
100624,1006**,10****,******
100704,1007**,10****,******
100718,1007**,10****,******
100732,1007**,10****,******
100936,1009**,10****,******
100948,1009**,10****,******
101022,1010**,10****,******
101046,1010**,10****,******
101115,1011**,10****,******
101140,1011**,10****,******
101224,1012**,10****,******
101250,1012**,10****,******
101320,1013**,10****,******
101425,1014**,10****,******
101452,1014**,10****,******
101543,1015**,10****,******
101610,1016**,10****,******
101717,1017**,10****,******
101731,1017**,10****,******
101813,1018**,10****,******
101814,1018**,10****,******
101857,1018**,10****,******
101945,1019**,10****,******
101954,1019**,10****,******
101955,1019**,10****,******
102009,1020**,10****,******
102035,1020**,10****,******
102111,1021**,10****,******
102132,1021**,10****,******
102142,1021**,10****,******
102223,1022**,10****,******
102225,1022**,10****,******
102241,1022**,10****,******
102243,1022**,10****,******
102253,1022**,10****,******
102335,1023**,10****,******
102351,1023**,10****,******
102406,1024**,10****,******
102417,1024**,10****,******
102535,1025**,10****,******
102547,1025**,10****,******
102558,1025**,10****,******
102604,1026**,10****,******
102630,1026**,10****,******
102641,1026**,10****,******
102653,1026**,10****,******
102724,1027**,10****,******
102731,1027**,10****,******
102744,1027**,10****,******
102816,1028**,10****,******
102845,1028**,10****,******
102853,1028**,10****,******
102855,1028**,10****,******
102948,1029**,10****,******
102958,1029**,10****,******
103004,1030**,10****,******
103031,1030**,10****,******
103107,1031**,10****,******
103131,1031**,10****,******
103134,1031**,10****,******
103214,1032**,10****,******
103219,1032**,10****,******
103244,1032**,10****,******
103259,1032**,10****,******
103323,1033**,10****,******
103343,1033**,10****,******
103344,1033**,10****,******
103414,1034**,10****,******
103420,1034**,10****,******
103448,1034**,10****,******
103516,1035**,10****,******
103551,1035**,10****,******
103640,1036**,10****,******
103657,1036**,10****,******
103715,1037**,10****,******
103731,1037**,10****,******
103749,1037**,10****,******
103822,1038**,10****,******
103823,1038**,10****,******
103825,1038**,10****,******
103831,1038**,10****,******
103835,1038**,10****,******
103838,1038**,10****,******
103908,1039**,10****,******
103924,1039**,10****,******
103927,1039**,10****,******
103946,1039**,10****,******
103952,1039**,10****,******
104008,1040**,10****,******
104017,1040**,10****,******
104031,1040**,10****,******
104040,1040**,10****,******
104052,1040**,10****,******
104103,1041**,10****,******
104119,1041**,10****,******
104129,1041**,10****,******
104132,1041**,10****,******
104140,1041**,10****,******
104147,1041**,10****,******
104159,1041**,10****,******
104202,1042**,10****,******
104212,1042**,10****,******
104219,1042**,10****,******
104237,1042**,10****,******
104245,1042**,10****,******
104258,1042**,10****,******
104351,1043**,10****,******
104355,1043**,10****,******
104400,1044**,10****,******
104424,1044**,10****,******
104428,1044**,10****,******
104429,1044**,10****,******
104447,1044**,10****,******
104455,1044**,10****,******
104456,1044**,10****,******
104501,1045**,10****,******
104513,1045**,10****,******
104522,1045**,10****,******
104537,1045**,10****,******
104547,1045**,10****,******
104554,1045**,10****,******
104557,1045**,10****,******
104605,1046**,10****,******
104609,1046**,10****,******
104633,1046**,10****,******
104638,1046**,10****,******
104709,1047**,10****,******
104715,1047**,10****,******
104722,1047**,10****,******
104758,1047**,10****,******
104801,1048**,10****,******
104807,1048**,10****,******
104823,1048**,10****,******
104847,1048**,10****,******
104909,1049**,10****,******
104920,1049**,10****,******
104927,1049**,10****,******
104948,1049**,10****,******
105019,1050**,10****,******
105022,1050**,10****,******
105052,1050**,10****,******
105059,1050**,10****,******
105111,1051**,10****,******
105112,1051**,10****,******
105114,1051**,10****,******
105118,1051**,10****,******
105150,1051**,10****,******
105151,1051**,10****,******
105239,1052**,10****,******
105248,1052**,10****,******
105252,1052**,10****,******
105255,1052**,10****,******
105305,1053**,10****,******
105308,1053**,10****,******
105342,1053**,10****,******
105344,1053**,10****,******
105430,1054**,10****,******
105436,1054**,10****,******
105520,1055**,10****,******
105533,1055**,10****,******
105537,1055**,10****,******
105549,1055**,10****,******
105552,1055**,10****,******
105554,1055**,10****,******
105558,1055**,10****,******
105607,1056**,10****,******
105619,1056**,10****,******
105620,1056**,10****,******
105621,1056**,10****,******
105631,1056**,10****,******
105632,1056**,10****,******
105639,1056**,10****,******
105641,1056**,10****,******
105649,1056**,10****,******
105653,1056**,10****,******
105701,1057**,10****,******
105814,1058**,10****,******
105822,1058**,10****,******
105824,1058**,10****,******
105830,1058**,10****,******
105831,1058**,10****,******
105846,1058**,10****,******
105906,1059**,10****,******
105924,1059**,10****,******
105925,1059**,10****,******
105928,1059**,10****,******
105937,1059**,10****,******
105956,1059**,10****,******
105957,1059**,10****,******
110008,1100**,11****,******
110020,1100**,11****,******
110038,1100**,11****,******
110048,1100**,11****,******
110055,1100**,11****,******
110107,1101**,11****,******
110108,1101**,11****,******
110139,1101**,11****,******
110141,1101**,11****,******
110142,1101**,11****,******
110146,1101**,11****,******
110152,1101**,11****,******
110201,1102**,11****,******
110239,1102**,11****,******
110242,1102**,11****,******
110248,1102**,11****,******
110250,1102**,11****,******
110254,1102**,11****,******
110257,1102**,11****,******
110258,1102**,11****,******
110259,1102**,11****,******
110328,1103**,11****,******
110337,1103**,11****,******
110357,1103**,11****,******
110402,1104**,11****,******
110423,1104**,11****,******
110435,1104**,11****,******
110455,1104**,11****,******
110501,1105**,11****,******
110502,1105**,11****,******
110542,1105**,11****,******
110546,1105**,11****,******
110637,1106**,11****,******
110643,1106**,11****,******
110649,1106**,11****,******
110659,1106**,11****,******
110739,1107**,11****,******
110749,1107**,11****,******
110814,1108**,11****,******
110815,1108**,11****,******
110817,1108**,11****,******
110930,1109**,11****,******
110931,1109**,11****,******
110936,1109**,11****,******
111042,1110**,11****,******
111112,1111**,11****,******
111117,1111**,11****,******
111120,1111**,11****,******
111125,1111**,11****,******
111131,1111**,11****,******
111208,1112**,11****,******
111237,1112**,11****,******
111345,1113**,11****,******
111350,1113**,11****,******
111357,1113**,11****,******
111412,1114**,11****,******
111426,1114**,11****,******
111427,1114**,11****,******
111456,1114**,11****,******
111507,1115**,11****,******
111512,1115**,11****,******
111523,1115**,11****,******
111549,1115**,11****,******
111558,1115**,11****,******
111619,1116**,11****,******
111643,1116**,11****,******
111647,1116**,11****,******
111724,1117**,11****,******
111731,1117**,11****,******
111735,1117**,11****,******
111746,1117**,11****,******
111747,1117**,11****,******
111753,1117**,11****,******
111801,1118**,11****,******
111808,1118**,11****,******
111810,1118**,11****,******
111824,1118**,11****,******
111944,1119**,11****,******
112008,1120**,11****,******
112029,1120**,11****,******
112044,1120**,11****,******
112103,1121**,11****,******
112114,1121**,11****,******
112233,1122**,11****,******
112240,1122**,11****,******
112328,1123**,11****,******
112333,1123**,11****,******
112515,1125**,11****,******
112530,1125**,11****,******
112651,1126**,11****,******
112725,1127**,11****,******
112736,1127**,11****,******
112822,1128**,11****,******
112827,1128**,11****,******
112925,1129**,11****,******
112942,1129**,11****,******
112958,1129**,11****,******
113041,1130**,11****,******
113049,1130**,11****,******
113106,1131**,11****,******
113205,1132**,11****,******
113225,1132**,11****,******
113229,1132**,11****,******
113302,1133**,11****,******
113332,1133**,11****,******
113418,1134**,11****,******
113432,1134**,11****,******
113456,1134**,11****,******
113531,1135**,11****,******
113542,1135**,11****,******
113641,1136**,11****,******
113652,1136**,11****,******
113653,1136**,11****,******
113658,1136**,11****,******
113713,1137**,11****,******
113741,1137**,11****,******
113803,1138**,11****,******
113825,1138**,11****,******
113829,1138**,11****,******
113850,1138**,11****,******
114018,1140**,11****,******
114047,1140**,11****,******
114051,1140**,11****,******
114109,1141**,11****,******
114117,1141**,11****,******
114145,1141**,11****,******
114239,1142**,11****,******
114259,1142**,11****,******
114319,1143**,11****,******
114402,1144**,11****,******
114410,1144**,11****,******
114414,1144**,11****,******
114418,1144**,11****,******
114456,1144**,11****,******
114512,1145**,11****,******
114559,1145**,11****,******
114637,1146**,11****,******
114639,1146**,11****,******
114643,1146**,11****,******
114731,1147**,11****,******
114750,1147**,11****,******
114805,1148**,11****,******
114817,1148**,11****,******
114830,1148**,11****,******
114839,1148**,11****,******
114900,1149**,11****,******
114927,1149**,11****,******
114928,1149**,11****,******
115036,1150**,11****,******
115132,1151**,11****,******
115145,1151**,11****,******
115146,1151**,11****,******
115332,1153**,11****,******
115350,1153**,11****,******
115412,1154**,11****,******
115441,1154**,11****,******
115458,1154**,11****,******
115505,1155**,11****,******
115544,1155**,11****,******
115558,1155**,11****,******
115642,1156**,11****,******
115738,1157**,11****,******
115742,1157**,11****,******
115827,1158**,11****,******
120019,1200**,12****,******
120030,1200**,12****,******
120055,1200**,12****,******
120101,1201**,12****,******
120124,1201**,12****,******
120328,1203**,12****,******
120411,1204**,12****,******
120521,1205**,12****,******
120633,1206**,12****,******
120652,1206**,12****,******
120825,1208**,12****,******
121014,1210**,12****,******
121018,1210**,12****,******
121027,1210**,12****,******
121033,1210**,12****,******
121108,1211**,12****,******
121138,1211**,12****,******
121140,1211**,12****,******
121143,1211**,12****,******
121209,1212**,12****,******
121324,1213**,12****,******
121408,1214**,12****,******
121421,1214**,12****,******
121504,1215**,12****,******
121550,1215**,12****,******
121645,1216**,12****,******
121730,1217**,12****,******
121807,1218**,12****,******
121908,1219**,12****,******
121929,1219**,12****,******
122111,1221**,12****,******
122152,1221**,12****,******
122209,1222**,12****,******
122310,1223**,12****,******
122318,1223**,12****,******
122320,1223**,12****,******
122329,1223**,12****,******
122331,1223**,12****,******
122348,1223**,12****,******
122419,1224**,12****,******
122520,1225**,12****,******
122529,1225**,12****,******
122603,1226**,12****,******
122615,1226**,12****,******
122636,1226**,12****,******
122731,1227**,12****,******
122734,1227**,12****,******
122737,1227**,12****,******
122738,1227**,12****,******
122745,1227**,12****,******
122749,1227**,12****,******
122759,1227**,12****,******
122801,1228**,12****,******
122905,1229**,12****,******
122938,1229**,12****,******
123009,1230**,12****,******
123028,1230**,12****,******
123042,1230**,12****,******
123112,1231**,12****,******
123134,1231**,12****,******
123135,1231**,12****,******
123146,1231**,12****,******
123218,1232**,12****,******
123254,1232**,12****,******
123256,1232**,12****,******
123310,1233**,12****,******
123342,1233**,12****,******
123356,1233**,12****,******
123451,1234**,12****,******
123454,1234**,12****,******
123506,1235**,12****,******
123533,1235**,12****,******
123543,1235**,12****,******
123544,1235**,12****,******
123550,1235**,12****,******
123635,1236**,12****,******
123652,1236**,12****,******
123733,1237**,12****,******
123734,1237**,12****,******
123740,1237**,12****,******
123742,1237**,12****,******
123755,1237**,12****,******
123828,1238**,12****,******
123837,1238**,12****,******
123901,1239**,12****,******
123905,1239**,12****,******
123929,1239**,12****,******
124012,1240**,12****,******
124014,1240**,12****,******
124023,1240**,12****,******
124046,1240**,12****,******
124118,1241**,12****,******
124133,1241**,12****,******
124155,1241**,12****,******
124230,1242**,12****,******
124254,1242**,12****,******
124304,1243**,12****,******
124309,1243**,12****,******
124318,1243**,12****,******
124323,1243**,12****,******
124403,1244**,12****,******
124404,1244**,12****,******
124405,1244**,12****,******
124407,1244**,12****,******
124409,1244**,12****,******
124411,1244**,12****,******
124413,1244**,12****,******
124416,1244**,12****,******
124419,1244**,12****,******
124422,1244**,12****,******
124425,1244**,12****,******
124428,1244**,12****,******
124431,1244**,12****,******
124435,1244**,12****,******
124438,1244**,12****,******
124441,1244**,12****,******
124444,1244**,12****,******
124445,1244**,12****,******
124446,1244**,12****,******
124448,1244**,12****,******
124450,1244**,12****,******
124452,1244**,12****,******
124453,1244**,12****,******
124455,1244**,12****,******
124457,1244**,12****,******
124459,1244**,12****,******
124502,1245**,12****,******
124504,1245**,12****,******
124505,1245**,12****,******
124506,1245**,12****,******
124508,1245**,12****,******
124510,1245**,12****,******
124512,1245**,12****,******
124513,1245**,12****,******
124515,1245**,12****,******
124518,1245**,12****,******
124520,1245**,12****,******
124522,1245**,12****,******
124524,1245**,12****,******
124527,1245**,12****,******
124529,1245**,12****,******
124532,1245**,12****,******
124535,1245**,12****,******
124536,1245**,12****,******
124538,1245**,12****,******
124540,1245**,12****,******
124541,1245**,12****,******
124543,1245**,12****,******
124545,1245**,12****,******
124546,1245**,12****,******
124548,1245**,12****,******
124550,1245**,12****,******
124551,1245**,12****,******
124553,1245**,12****,******
124555,1245**,12****,******
124557,1245**,12****,******
124558,1245**,12****,******
124600,1246**,12****,******
124601,1246**,12****,******
124604,1246**,12****,******
124605,1246**,12****,******
124608,1246**,12****,******
124609,1246**,12****,******
124611,1246**,12****,******
124614,1246**,12****,******
124616,1246**,12****,******
124617,1246**,12****,******
124619,1246**,12****,******
124620,1246**,12****,******
124622,1246**,12****,******
124623,1246**,12****,******
124624,1246**,12****,******
124626,1246**,12****,******
124627,1246**,12****,******
124629,1246**,12****,******
124630,1246**,12****,******
124632,1246**,12****,******
124634,1246**,12****,******
124635,1246**,12****,******
124638,1246**,12****,******
124640,1246**,12****,******
124642,1246**,12****,******
124644,1246**,12****,******
124647,1246**,12****,******
124649,1246**,12****,******
124651,1246**,12****,******
124653,1246**,12****,******
124656,1246**,12****,******
124657,1246**,12****,******
124659,1246**,12****,******
124701,1247**,12****,******
124702,1247**,12****,******
124704,1247**,12****,******
124705,1247**,12****,******
124707,1247**,12****,******
124708,1247**,12****,******
124711,1247**,12****,******
124713,1247**,12****,******
124716,1247**,12****,******
124718,1247**,12****,******
124719,1247**,12****,******
124721,1247**,12****,******
124723,1247**,12****,******
124724,1247**,12****,******
124726,1247**,12****,******
124728,1247**,12****,******
124731,1247**,12****,******
124735,1247**,12****,******
124738,1247**,12****,******
124741,1247**,12****,******
124742,1247**,12****,******
124743,1247**,12****,******
124744,1247**,12****,******
124747,1247**,12****,******
124749,1247**,12****,******
124752,1247**,12****,******
124753,1247**,12****,******
124755,1247**,12****,******
124757,1247**,12****,******
124758,1247**,12****,******
124800,1248**,12****,******
124802,1248**,12****,******
124806,1248**,12****,******
124809,1248**,12****,******
124812,1248**,12****,******
124815,1248**,12****,******
124818,1248**,12****,******
124821,1248**,12****,******
124829,1248**,12****,******
124830,1248**,12****,******
124831,1248**,12****,******
124833,1248**,12****,******
124834,1248**,12****,******
124836,1248**,12****,******
124838,1248**,12****,******
124841,1248**,12****,******
124844,1248**,12****,******
124846,1248**,12****,******
124848,1248**,12****,******
124851,1248**,12****,******
124853,1248**,12****,******
124855,1248**,12****,******
124856,1248**,12****,******
124859,1248**,12****,******
124901,1249**,12****,******
124903,1249**,12****,******
124905,1249**,12****,******
124907,1249**,12****,******
124909,1249**,12****,******
124911,1249**,12****,******
124912,1249**,12****,******
124914,1249**,12****,******
124916,1249**,12****,******
124918,1249**,12****,******
124919,1249**,12****,******
124920,1249**,12****,******
124922,1249**,12****,******
124924,1249**,12****,******
124926,1249**,12****,******
124928,1249**,12****,******
124930,1249**,12****,******
124932,1249**,12****,******
124934,1249**,12****,******
124935,1249**,12****,******
124936,1249**,12****,******
124939,1249**,12****,******
124941,1249**,12****,******
124942,1249**,12****,******
124943,1249**,12****,******
124945,1249**,12****,******
124946,1249**,12****,******
124948,1249**,12****,******
124950,1249**,12****,******
124952,1249**,12****,******
124954,1249**,12****,******
124957,1249**,12****,******
125001,1250**,12****,******
125003,1250**,12****,******
125006,1250**,12****,******
125009,1250**,12****,******
125012,1250**,12****,******
125014,1250**,12****,******
125015,1250**,12****,******
125016,1250**,12****,******
125018,1250**,12****,******
125020,1250**,12****,******
125021,1250**,12****,******
125022,1250**,12****,******
125025,1250**,12****,******
125028,1250**,12****,******
125030,1250**,12****,******
125034,1250**,12****,******
125037,1250**,12****,******
125041,1250**,12****,******
125044,1250**,12****,******
125048,1250**,12****,******
125050,1250**,12****,******
125053,1250**,12****,******
125056,1250**,12****,******
125100,1251**,12****,******
125104,1251**,12****,******
125106,1251**,12****,******
125108,1251**,12****,******
125112,1251**,12****,******
125116,1251**,12****,******
125118,1251**,12****,******
125119,1251**,12****,******
125121,1251**,12****,******
125123,1251**,12****,******
125125,1251**,12****,******
125127,1251**,12****,******
125129,1251**,12****,******
125130,1251**,12****,******
125132,1251**,12****,******
125134,1251**,12****,******
125135,1251**,12****,******
125137,1251**,12****,******
125139,1251**,12****,******
125141,1251**,12****,******
125142,1251**,12****,******
125144,1251**,12****,******
125145,1251**,12****,******
125147,1251**,12****,******
125150,1251**,12****,******
125152,1251**,12****,******
125153,1251**,12****,******
125155,1251**,12****,******
125157,1251**,12****,******
125158,1251**,12****,******
125201,1252**,12****,******
125203,1252**,12****,******
125206,1252**,12****,******
125207,1252**,12****,******
125209,1252**,12****,******
125211,1252**,12****,******
125214,1252**,12****,******
125216,1252**,12****,******
125217,1252**,12****,******
125219,1252**,12****,******
125220,1252**,12****,******
125222,1252**,12****,******
125225,1252**,12****,******
125227,1252**,12****,******
125230,1252**,12****,******
125232,1252**,12****,******
125235,1252**,12****,******
125238,1252**,12****,******
125240,1252**,12****,******
125243,1252**,12****,******
125246,1252**,12****,******
125248,1252**,12****,******
125250,1252**,12****,******
125252,1252**,12****,******
125254,1252**,12****,******
125256,1252**,12****,******
125257,1252**,12****,******
125258,1252**,12****,******
125259,1252**,12****,******
125301,1253**,12****,******
125303,1253**,12****,******
125305,1253**,12****,******
125307,1253**,12****,******
125309,1253**,12****,******
125312,1253**,12****,******
125313,1253**,12****,******
125314,1253**,12****,******
125316,1253**,12****,******
125318,1253**,12****,******
125319,1253**,12****,******
125321,1253**,12****,******
125322,1253**,12****,******
125324,1253**,12****,******
125326,1253**,12****,******
125328,1253**,12****,******
125329,1253**,12****,******
125331,1253**,12****,******
125333,1253**,12****,******
125334,1253**,12****,******
125336,1253**,12****,******
125339,1253**,12****,******
125341,1253**,12****,******
125343,1253**,12****,******
125345,1253**,12****,******
125347,1253**,12****,******
125348,1253**,12****,******
125350,1253**,12****,******
125352,1253**,12****,******
125413,1254**,12****,******
125415,1254**,12****,******
125430,1254**,12****,******
125511,1255**,12****,******
125545,1255**,12****,******
125601,1256**,12****,******
125620,1256**,12****,******
125659,1256**,12****,******
125717,1257**,12****,******
125721,1257**,12****,******
125753,1257**,12****,******
125810,1258**,12****,******
125827,1258**,12****,******
125833,1258**,12****,******
125847,1258**,12****,******
125920,1259**,12****,******
125947,1259**,12****,******
125953,1259**,12****,******
130017,1300**,13****,******
130019,1300**,13****,******
130032,1300**,13****,******
130143,1301**,13****,******
130407,1304**,13****,******
130502,1305**,13****,******
130554,1305**,13****,******
130617,1306**,13****,******
130731,1307**,13****,******
130830,1308**,13****,******
130905,1309**,13****,******
130949,1309**,13****,******
131021,1310**,13****,******
131055,1310**,13****,******
131127,1311**,13****,******
131213,1312**,13****,******
131247,1312**,13****,******
131326,1313**,13****,******
131337,1313**,13****,******
131409,1314**,13****,******
131537,1315**,13****,******
131544,1315**,13****,******
131556,1315**,13****,******
131609,1316**,13****,******
131830,1318**,13****,******
131842,1318**,13****,******
132021,1320**,13****,******
132030,1320**,13****,******
132037,1320**,13****,******
132038,1320**,13****,******
132117,1321**,13****,******
132139,1321**,13****,******
132158,1321**,13****,******
132202,1322**,13****,******
132204,1322**,13****,******
132235,1322**,13****,******
132331,1323**,13****,******
132354,1323**,13****,******
132408,1324**,13****,******
132409,1324**,13****,******
132507,1325**,13****,******
132527,1325**,13****,******
132618,1326**,13****,******
132636,1326**,13****,******
132819,1328**,13****,******
132833,1328**,13****,******
133046,1330**,13****,******
133113,1331**,13****,******
133250,1332**,13****,******
133549,1335**,13****,******
133735,1337**,13****,******
133910,1339**,13****,******
134049,1340**,13****,******
134131,1341**,13****,******
134214,1342**,13****,******
134228,1342**,13****,******
134516,1345**,13****,******
134544,1345**,13****,******
134838,1348**,13****,******
134904,1349**,13****,******
134956,1349**,13****,******
135022,1350**,13****,******
135030,1350**,13****,******
135210,1352**,13****,******
135233,1352**,13****,******
135237,1352**,13****,******
135336,1353**,13****,******
135435,1354**,13****,******
135436,1354**,13****,******
135514,1355**,13****,******
135633,1356**,13****,******
135652,1356**,13****,******
135736,1357**,13****,******
135751,1357**,13****,******
135813,1358**,13****,******
135816,1358**,13****,******
135914,1359**,13****,******
135957,1359**,13****,******
140004,1400**,14****,******
140018,1400**,14****,******
140035,1400**,14****,******
140109,1401**,14****,******
140112,1401**,14****,******
140120,1401**,14****,******
140135,1401**,14****,******
140204,1402**,14****,******
140213,1402**,14****,******
140214,1402**,14****,******
140222,1402**,14****,******
140331,1403**,14****,******
140346,1403**,14****,******
140359,1403**,14****,******
140400,1404**,14****,******
140413,1404**,14****,******
140519,1405**,14****,******
140522,1405**,14****,******
140528,1405**,14****,******
140529,1405**,14****,******
140554,1405**,14****,******
140603,1406**,14****,******
140626,1406**,14****,******
140700,1407**,14****,******
140701,1407**,14****,******
140718,1407**,14****,******
140736,1407**,14****,******
140742,1407**,14****,******
140747,1407**,14****,******
140801,1408**,14****,******
140819,1408**,14****,******
140823,1408**,14****,******
140849,1408**,14****,******
140932,1409**,14****,******
140934,1409**,14****,******
140945,1409**,14****,******
141016,1410**,14****,******
141034,1410**,14****,******
141046,1410**,14****,******
141049,1410**,14****,******
141052,1410**,14****,******
141057,1410**,14****,******
141149,1411**,14****,******
141221,1412**,14****,******
141237,1412**,14****,******
141240,1412**,14****,******
141330,1413**,14****,******
141349,1413**,14****,******
141401,1414**,14****,******
141402,1414**,14****,******
141409,1414**,14****,******
141415,1414**,14****,******
141558,1415**,14****,******
141608,1416**,14****,******
141636,1416**,14****,******
141704,1417**,14****,******
141708,1417**,14****,******
141709,1417**,14****,******
141810,1418**,14****,******
141811,1418**,14****,******
141906,1419**,14****,******
141911,1419**,14****,******
142002,1420**,14****,******
142010,1420**,14****,******
142013,1420**,14****,******
142018,1420**,14****,******
142019,1420**,14****,******
142030,1420**,14****,******
142128,1421**,14****,******
142157,1421**,14****,******
142302,1423**,14****,******
142319,1423**,14****,******
142346,1423**,14****,******
142401,1424**,14****,******
142458,1424**,14****,******
142534,1425**,14****,******
142600,1426**,14****,******
142653,1426**,14****,******
142733,1427**,14****,******
142746,1427**,14****,******
142759,1427**,14****,******
142810,1428**,14****,******
142822,1428**,14****,******
142836,1428**,14****,******
142851,1428**,14****,******
142916,1429**,14****,******
142918,1429**,14****,******
142951,1429**,14****,******
143002,1430**,14****,******
143004,1430**,14****,******
143026,1430**,14****,******
143108,1431**,14****,******
143110,1431**,14****,******
143152,1431**,14****,******
143310,1433**,14****,******
143320,1433**,14****,******
143322,1433**,14****,******
143339,1433**,14****,******
143413,1434**,14****,******
143530,1435**,14****,******
143543,1435**,14****,******
143627,1436**,14****,******
143634,1436**,14****,******
143636,1436**,14****,******
143703,1437**,14****,******
143759,1437**,14****,******
143851,1438**,14****,******
143902,1439**,14****,******
144011,1440**,14****,******
144054,1440**,14****,******
144057,1440**,14****,******
144100,1441**,14****,******
144104,1441**,14****,******
144106,1441**,14****,******
144108,1441**,14****,******
144110,1441**,14****,******
144113,1441**,14****,******
144116,1441**,14****,******
144119,1441**,14****,******
144202,1442**,14****,******
144216,1442**,14****,******
144223,1442**,14****,******
144229,1442**,14****,******
144341,1443**,14****,******
144417,1444**,14****,******
144531,1445**,14****,******
144537,1445**,14****,******
144631,1446**,14****,******
144653,1446**,14****,******
144741,1447**,14****,******
144750,1447**,14****,******
144809,1448**,14****,******
144846,1448**,14****,******
144855,1448**,14****,******
144913,1449**,14****,******
144940,1449**,14****,******
144955,1449**,14****,******
145002,1450**,14****,******
145039,1450**,14****,******
145114,1451**,14****,******
145119,1451**,14****,******
145123,1451**,14****,******
145226,1452**,14****,******
145227,1452**,14****,******
145253,1452**,14****,******
145356,1453**,14****,******
145430,1454**,14****,******
145447,1454**,14****,******
145505,1455**,14****,******
145654,1456**,14****,******
145655,1456**,14****,******
145725,1457**,14****,******
145832,1458**,14****,******
145948,1459**,14****,******
145957,1459**,14****,******
150054,1500**,15****,******
150108,1501**,15****,******
150122,1501**,15****,******
150350,1503**,15****,******
150407,1504**,15****,******
150528,1505**,15****,******
150534,1505**,15****,******
150537,1505**,15****,******
150641,1506**,15****,******
150708,1507**,15****,******
150720,1507**,15****,******
150808,1508**,15****,******
150859,1508**,15****,******
150910,1509**,15****,******
150919,1509**,15****,******
151036,1510**,15****,******
151058,1510**,15****,******
151136,1511**,15****,******
151148,1511**,15****,******
151151,1511**,15****,******
151333,1513**,15****,******
151345,1513**,15****,******
151347,1513**,15****,******
151419,1514**,15****,******
151454,1514**,15****,******
151458,1514**,15****,******
151504,1515**,15****,******
151520,1515**,15****,******
151526,1515**,15****,******
151601,1516**,15****,******
151719,1517**,15****,******
151822,1518**,15****,******
151854,1518**,15****,******
151911,1519**,15****,******
152009,1520**,15****,******
152037,1520**,15****,******
152055,1520**,15****,******
152056,1520**,15****,******
152102,1521**,15****,******
152229,1522**,15****,******
152237,1522**,15****,******
152251,1522**,15****,******
152314,1523**,15****,******
152403,1524**,15****,******
152453,1524**,15****,******
152523,1525**,15****,******
152532,1525**,15****,******
152541,1525**,15****,******
152547,1525**,15****,******
152701,1527**,15****,******
152708,1527**,15****,******
152711,1527**,15****,******
152727,1527**,15****,******
152815,1528**,15****,******
152828,1528**,15****,******
152837,1528**,15****,******
152944,1529**,15****,******
153011,1530**,15****,******
153029,1530**,15****,******
153038,1530**,15****,******
153200,1532**,15****,******
153257,1532**,15****,******
153305,1533**,15****,******
153358,1533**,15****,******
153443,1534**,15****,******
153452,1534**,15****,******
153521,1535**,15****,******
153524,1535**,15****,******
153539,1535**,15****,******
153548,1535**,15****,******
153608,1536**,15****,******
153652,1536**,15****,******
153657,1536**,15****,******
153723,1537**,15****,******
153736,1537**,15****,******
153738,1537**,15****,******
153813,1538**,15****,******
153907,1539**,15****,******
153920,1539**,15****,******
153926,1539**,15****,******
153929,1539**,15****,******
153943,1539**,15****,******
153949,1539**,15****,******
154102,1541**,15****,******
154114,1541**,15****,******
154123,1541**,15****,******
154145,1541**,15****,******
154314,1543**,15****,******
154353,1543**,15****,******
154405,1544**,15****,******
154449,1544**,15****,******
154622,1546**,15****,******
154657,1546**,15****,******
154737,1547**,15****,******
154844,1548**,15****,******
154937,1549**,15****,******
155045,1550**,15****,******
155048,1550**,15****,******
155053,1550**,15****,******
155134,1551**,15****,******
155256,1552**,15****,******
155327,1553**,15****,******
155519,1555**,15****,******
155906,1559**,15****,******
160003,1600**,16****,******
160230,1602**,16****,******
160450,1604**,16****,******
160628,1606**,16****,******
160636,1606**,16****,******
160638,1606**,16****,******
160740,1607**,16****,******
161050,1610**,16****,******
161158,1611**,16****,******
161204,1612**,16****,******
161245,1612**,16****,******
161335,1613**,16****,******
161341,1613**,16****,******
161419,1614**,16****,******
161440,1614**,16****,******
161514,1615**,16****,******
161542,1615**,16****,******
161739,1617**,16****,******
161743,1617**,16****,******
161910,1619**,16****,******
161950,1619**,16****,******
161957,1619**,16****,******
162150,1621**,16****,******
162203,1622**,16****,******
162242,1622**,16****,******
162431,1624**,16****,******
162439,1624**,16****,******
162534,1625**,16****,******
162625,1626**,16****,******
162630,1626**,16****,******
162714,1627**,16****,******
162725,1627**,16****,******
162734,1627**,16****,******
162815,1628**,16****,******
162907,1629**,16****,******
162925,1629**,16****,******
162950,1629**,16****,******
163020,1630**,16****,******
163039,1630**,16****,******
163047,1630**,16****,******
163107,1631**,16****,******
163117,1631**,16****,******
163233,1632**,16****,******
163309,1633**,16****,******
163312,1633**,16****,******
163315,1633**,16****,******
163512,1635**,16****,******
163533,1635**,16****,******
163536,1635**,16****,******
163607,1636**,16****,******
163623,1636**,16****,******
163651,1636**,16****,******
163730,1637**,16****,******
163801,1638**,16****,******
163825,1638**,16****,******
163837,1638**,16****,******
163937,1639**,16****,******
163939,1639**,16****,******
163945,1639**,16****,******
163947,1639**,16****,******
164019,1640**,16****,******
164020,1640**,16****,******
164107,1641**,16****,******
164151,1641**,16****,******
164212,1642**,16****,******
164219,1642**,16****,******
164228,1642**,16****,******
164230,1642**,16****,******
164346,1643**,16****,******
164357,1643**,16****,******
164410,1644**,16****,******
164516,1645**,16****,******
164518,1645**,16****,******
164523,1645**,16****,******
164613,1646**,16****,******
164657,1646**,16****,******
164755,1647**,16****,******
164812,1648**,16****,******
164814,1648**,16****,******
164818,1648**,16****,******
164848,1648**,16****,******
164853,1648**,16****,******
164913,1649**,16****,******
164957,1649**,16****,******
165004,1650**,16****,******
165101,1651**,16****,******
165137,1651**,16****,******
165202,1652**,16****,******
165204,1652**,16****,******
165212,1652**,16****,******
165213,1652**,16****,******
165313,1653**,16****,******
165314,1653**,16****,******
165323,1653**,16****,******
165329,1653**,16****,******
165338,1653**,16****,******
165438,1654**,16****,******
165502,1655**,16****,******
165505,1655**,16****,******
165536,1655**,16****,******
165547,1655**,16****,******
165606,1656**,16****,******
165647,1656**,16****,******
165658,1656**,16****,******
165703,1657**,16****,******
165744,1657**,16****,******
165838,1658**,16****,******
165842,1658**,16****,******
165846,1658**,16****,******
165934,1659**,16****,******
170055,1700**,17****,******
170056,1700**,17****,******
170106,1701**,17****,******
170114,1701**,17****,******
170156,1701**,17****,******
170238,1702**,17****,******
170253,1702**,17****,******
170302,1703**,17****,******
170330,1703**,17****,******
170332,1703**,17****,******
170438,1704**,17****,******
170523,1705**,17****,******
170641,1706**,17****,******
170654,1706**,17****,******
170705,1707**,17****,******
170715,1707**,17****,******
170717,1707**,17****,******
170749,1707**,17****,******
170806,1708**,17****,******
170816,1708**,17****,******
170822,1708**,17****,******
171006,1710**,17****,******
171023,1710**,17****,******
171029,1710**,17****,******
171045,1710**,17****,******
171047,1710**,17****,******
171104,1711**,17****,******
171142,1711**,17****,******
171213,1712**,17****,******
171214,1712**,17****,******
171238,1712**,17****,******
171326,1713**,17****,******
171403,1714**,17****,******
171422,1714**,17****,******
171511,1715**,17****,******
171524,1715**,17****,******
171559,1715**,17****,******
171629,1716**,17****,******
171649,1716**,17****,******
171741,1717**,17****,******
171754,1717**,17****,******
171812,1718**,17****,******
171909,1719**,17****,******
171936,1719**,17****,******
171942,1719**,17****,******
171944,1719**,17****,******
172024,1720**,17****,******
172145,1721**,17****,******
172150,1721**,17****,******
172207,1722**,17****,******
172417,1724**,17****,******
172441,1724**,17****,******
172610,1726**,17****,******
172918,1729**,17****,******
173055,1730**,17****,******
173117,1731**,17****,******
173227,1732**,17****,******
173309,1733**,17****,******
173314,1733**,17****,******
173347,1733**,17****,******
173423,1734**,17****,******
173512,1735**,17****,******
173522,1735**,17****,******
173544,1735**,17****,******
173552,1735**,17****,******
173644,1736**,17****,******
173651,1736**,17****,******
173716,1737**,17****,******
173718,1737**,17****,******
173804,1738**,17****,******
173822,1738**,17****,******
173844,1738**,17****,******
173855,1738**,17****,******
173932,1739**,17****,******
173937,1739**,17****,******
173943,1739**,17****,******
174058,1740**,17****,******
174108,1741**,17****,******
174118,1741**,17****,******
174146,1741**,17****,******
174159,1741**,17****,******
174229,1742**,17****,******
174242,1742**,17****,******
174322,1743**,17****,******
174343,1743**,17****,******
174414,1744**,17****,******
174505,1745**,17****,******
174524,1745**,17****,******
174533,1745**,17****,******
174611,1746**,17****,******
174702,1747**,17****,******
174722,1747**,17****,******
174734,1747**,17****,******
174746,1747**,17****,******
174749,1747**,17****,******
174800,1748**,17****,******
174853,1748**,17****,******
174859,1748**,17****,******
174946,1749**,17****,******
174951,1749**,17****,******
175016,1750**,17****,******
175132,1751**,17****,******
175157,1751**,17****,******
175216,1752**,17****,******
175257,1752**,17****,******
175315,1753**,17****,******
175319,1753**,17****,******
175322,1753**,17****,******
175347,1753**,17****,******
175357,1753**,17****,******
175425,1754**,17****,******
175429,1754**,17****,******
175453,1754**,17****,******
175522,1755**,17****,******
175535,1755**,17****,******
175603,1756**,17****,******
175617,1756**,17****,******
175638,1756**,17****,******
175641,1756**,17****,******
175705,1757**,17****,******
175725,1757**,17****,******
175732,1757**,17****,******
175820,1758**,17****,******
175825,1758**,17****,******
175845,1758**,17****,******
175902,1759**,17****,******
175924,1759**,17****,******
180007,1800**,18****,******
180015,1800**,18****,******
180048,1800**,18****,******
180101,1801**,18****,******
180103,1801**,18****,******
180108,1801**,18****,******
180114,1801**,18****,******
180153,1801**,18****,******
180202,1802**,18****,******
180219,1802**,18****,******
180220,1802**,18****,******
180240,1802**,18****,******
180312,1803**,18****,******
180328,1803**,18****,******
180334,1803**,18****,******
180353,1803**,18****,******
180355,1803**,18****,******
180407,1804**,18****,******
180410,1804**,18****,******
180420,1804**,18****,******
180433,1804**,18****,******
180449,1804**,18****,******
180508,1805**,18****,******
180515,1805**,18****,******
180520,1805**,18****,******
180534,1805**,18****,******
180538,1805**,18****,******
180550,1805**,18****,******
180558,1805**,18****,******
180621,1806**,18****,******
180623,1806**,18****,******
180626,1806**,18****,******
180631,1806**,18****,******
180640,1806**,18****,******
180708,1807**,18****,******
180801,1808**,18****,******
180808,1808**,18****,******
180821,1808**,18****,******
180826,1808**,18****,******
180850,1808**,18****,******
180934,1809**,18****,******
181015,1810**,18****,******
181026,1810**,18****,******
181052,1810**,18****,******
181100,1811**,18****,******
181122,1811**,18****,******
181143,1811**,18****,******
181205,1812**,18****,******
181206,1812**,18****,******
181331,1813**,18****,******
181332,1813**,18****,******
181356,1813**,18****,******
181405,1814**,18****,******
181413,1814**,18****,******
181414,1814**,18****,******
181418,1814**,18****,******
181444,1814**,18****,******
181450,1814**,18****,******
181523,1815**,18****,******
181531,1815**,18****,******
181541,1815**,18****,******
181545,1815**,18****,******
181625,1816**,18****,******
181713,1817**,18****,******
181714,1817**,18****,******
181720,1817**,18****,******
181750,1817**,18****,******
181753,1817**,18****,******
181757,1817**,18****,******
181809,1818**,18****,******
181814,1818**,18****,******
181819,1818**,18****,******
181824,1818**,18****,******
181831,1818**,18****,******
181832,1818**,18****,******
181902,1819**,18****,******
181906,1819**,18****,******
181916,1819**,18****,******
181923,1819**,18****,******
181935,1819**,18****,******
181941,1819**,18****,******
182001,1820**,18****,******
182009,1820**,18****,******
182038,1820**,18****,******
182046,1820**,18****,******
182107,1821**,18****,******
182129,1821**,18****,******
182130,1821**,18****,******
182140,1821**,18****,******
182205,1822**,18****,******
182238,1822**,18****,******
182246,1822**,18****,******
182250,1822**,18****,******
182301,1823**,18****,******
182302,1823**,18****,******
182312,1823**,18****,******
182319,1823**,18****,******
182417,1824**,18****,******
182450,1824**,18****,******
182531,1825**,18****,******
182549,1825**,18****,******
182553,1825**,18****,******
182604,1826**,18****,******
182605,1826**,18****,******
182623,1826**,18****,******
182633,1826**,18****,******
182648,1826**,18****,******
182656,1826**,18****,******
182818,1828**,18****,******
182822,1828**,18****,******
182823,1828**,18****,******
182826,1828**,18****,******
182841,1828**,18****,******
182848,1828**,18****,******
182903,1829**,18****,******
182943,1829**,18****,******
182950,1829**,18****,******
182958,1829**,18****,******
183018,1830**,18****,******
183024,1830**,18****,******
183026,1830**,18****,******
183145,1831**,18****,******
183152,1831**,18****,******
183154,1831**,18****,******
183206,1832**,18****,******
183211,1832**,18****,******
183251,1832**,18****,******
183316,1833**,18****,******
183320,1833**,18****,******
183325,1833**,18****,******
183341,1833**,18****,******
183357,1833**,18****,******
183436,1834**,18****,******
183441,1834**,18****,******
183449,1834**,18****,******
183502,1835**,18****,******
183511,1835**,18****,******
183513,1835**,18****,******
183528,1835**,18****,******
183615,1836**,18****,******
183629,1836**,18****,******
183642,1836**,18****,******
183659,1836**,18****,******
183708,1837**,18****,******
183715,1837**,18****,******
183757,1837**,18****,******
183759,1837**,18****,******
183803,1838**,18****,******
183817,1838**,18****,******
183850,1838**,18****,******
183854,1838**,18****,******
183929,1839**,18****,******
183930,1839**,18****,******
183938,1839**,18****,******
183949,1839**,18****,******
183951,1839**,18****,******
184031,1840**,18****,******
184039,1840**,18****,******
184044,1840**,18****,******
184056,1840**,18****,******
184058,1840**,18****,******
184158,1841**,18****,******
184232,1842**,18****,******
184313,1843**,18****,******
184319,1843**,18****,******
184349,1843**,18****,******
184403,1844**,18****,******
184410,1844**,18****,******
184415,1844**,18****,******
184438,1844**,18****,******
184439,1844**,18****,******
184440,1844**,18****,******
184519,1845**,18****,******
184526,1845**,18****,******
184534,1845**,18****,******
184538,1845**,18****,******
184550,1845**,18****,******
184611,1846**,18****,******
184636,1846**,18****,******
184643,1846**,18****,******
184719,1847**,18****,******
184823,1848**,18****,******
184831,1848**,18****,******
184846,1848**,18****,******
184854,1848**,18****,******
184908,1849**,18****,******
184936,1849**,18****,******
184944,1849**,18****,******
185026,1850**,18****,******
185118,1851**,18****,******
185211,1852**,18****,******
185245,1852**,18****,******
185259,1852**,18****,******
185317,1853**,18****,******
185322,1853**,18****,******
185325,1853**,18****,******
185326,1853**,18****,******
185338,1853**,18****,******
185356,1853**,18****,******
185417,1854**,18****,******
185500,1855**,18****,******
185509,1855**,18****,******
185512,1855**,18****,******
185517,1855**,18****,******
185602,1856**,18****,******
185626,1856**,18****,******
185632,1856**,18****,******
185657,1856**,18****,******
185719,1857**,18****,******
185720,1857**,18****,******
185738,1857**,18****,******
185755,1857**,18****,******
185843,1858**,18****,******
185847,1858**,18****,******
185900,1859**,18****,******
185927,1859**,18****,******
190002,1900**,19****,******
190010,1900**,19****,******
190042,1900**,19****,******
190104,1901**,19****,******
190147,1901**,19****,******
190148,1901**,19****,******
190207,1902**,19****,******
190215,1902**,19****,******
190252,1902**,19****,******
190300,1903**,19****,******
190339,1903**,19****,******
190358,1903**,19****,******
190431,1904**,19****,******
190449,1904**,19****,******
190524,1905**,19****,******
190532,1905**,19****,******
190545,1905**,19****,******
190618,1906**,19****,******
190623,1906**,19****,******
190648,1906**,19****,******
190654,1906**,19****,******
190705,1907**,19****,******
190720,1907**,19****,******
190724,1907**,19****,******
190820,1908**,19****,******
190822,1908**,19****,******
190837,1908**,19****,******
190900,1909**,19****,******
190919,1909**,19****,******
190922,1909**,19****,******
190925,1909**,19****,******
190926,1909**,19****,******
190949,1909**,19****,******
191021,1910**,19****,******
191036,1910**,19****,******
191100,1911**,19****,******
191104,1911**,19****,******
191108,1911**,19****,******
191109,1911**,19****,******
191115,1911**,19****,******
191127,1911**,19****,******
191128,1911**,19****,******
191136,1911**,19****,******
191219,1912**,19****,******
191232,1912**,19****,******
191233,1912**,19****,******
191235,1912**,19****,******
191323,1913**,19****,******
191339,1913**,19****,******
191347,1913**,19****,******
191409,1914**,19****,******
191434,1914**,19****,******
191439,1914**,19****,******
191505,1915**,19****,******
191509,1915**,19****,******
191528,1915**,19****,******
191540,1915**,19****,******
191544,1915**,19****,******
191557,1915**,19****,******
191616,1916**,19****,******
191626,1916**,19****,******
191649,1916**,19****,******
191700,1917**,19****,******
191724,1917**,19****,******
191730,1917**,19****,******
191739,1917**,19****,******
191747,1917**,19****,******
191758,1917**,19****,******
191810,1918**,19****,******
191812,1918**,19****,******
191830,1918**,19****,******
191831,1918**,19****,******
191923,1919**,19****,******
191925,1919**,19****,******
191948,1919**,19****,******
191957,1919**,19****,******
192003,1920**,19****,******
192012,1920**,19****,******
192032,1920**,19****,******
192100,1921**,19****,******
192114,1921**,19****,******
192139,1921**,19****,******
192141,1921**,19****,******
192157,1921**,19****,******
192204,1922**,19****,******
192208,1922**,19****,******
192214,1922**,19****,******
192217,1922**,19****,******
192222,1922**,19****,******
192225,1922**,19****,******
192228,1922**,19****,******
192232,1922**,19****,******
192321,1923**,19****,******
192356,1923**,19****,******
192357,1923**,19****,******
192415,1924**,19****,******
192441,1924**,19****,******
192458,1924**,19****,******
192459,1924**,19****,******
192501,1925**,19****,******
192525,1925**,19****,******
192632,1926**,19****,******
192638,1926**,19****,******
192654,1926**,19****,******
192703,1927**,19****,******
192742,1927**,19****,******
192757,1927**,19****,******
192819,1928**,19****,******
192832,1928**,19****,******
192844,1928**,19****,******
192901,1929**,19****,******
192938,1929**,19****,******
192939,1929**,19****,******
193027,1930**,19****,******
193114,1931**,19****,******
193140,1931**,19****,******
193146,1931**,19****,******
193147,1931**,19****,******
193212,1932**,19****,******
193247,1932**,19****,******
193258,1932**,19****,******
193300,1933**,19****,******
193349,1933**,19****,******
193411,1934**,19****,******
193525,1935**,19****,******
193628,1936**,19****,******
193649,1936**,19****,******
193658,1936**,19****,******
193811,1938**,19****,******
193823,1938**,19****,******
193926,1939**,19****,******
194030,1940**,19****,******
194128,1941**,19****,******
194322,1943**,19****,******
194559,1945**,19****,******
194706,1947**,19****,******
194822,1948**,19****,******
194823,1948**,19****,******
195031,1950**,19****,******
195202,1952**,19****,******
195500,1955**,19****,******
195636,1956**,19****,******
195752,1957**,19****,******
195814,1958**,19****,******
195914,1959**,19****,******
200021,2000**,20****,******
200044,2000**,20****,******
200111,2001**,20****,******
200216,2002**,20****,******
200217,2002**,20****,******
200224,2002**,20****,******
200318,2003**,20****,******
200356,2003**,20****,******
200412,2004**,20****,******
200509,2005**,20****,******
200533,2005**,20****,******
200542,2005**,20****,******
200556,2005**,20****,******
200609,2006**,20****,******
200621,2006**,20****,******
200658,2006**,20****,******
200735,2007**,20****,******
200752,2007**,20****,******
200824,2008**,20****,******
200841,2008**,20****,******
200910,2009**,20****,******
200913,2009**,20****,******
200959,2009**,20****,******
201117,2011**,20****,******
201205,2012**,20****,******
201214,2012**,20****,******
201228,2012**,20****,******
201309,2013**,20****,******
201334,2013**,20****,******
201336,2013**,20****,******
201411,2014**,20****,******
201419,2014**,20****,******
201427,2014**,20****,******
201454,2014**,20****,******
201455,2014**,20****,******
201510,2015**,20****,******
201522,2015**,20****,******
201637,2016**,20****,******
201659,2016**,20****,******
201719,2017**,20****,******
201743,2017**,20****,******
201836,2018**,20****,******
201840,2018**,20****,******
201905,2019**,20****,******
202018,2020**,20****,******
202124,2021**,20****,******
202140,2021**,20****,******
202216,2022**,20****,******
202223,2022**,20****,******
202320,2023**,20****,******
202322,2023**,20****,******
202455,2024**,20****,******
202503,2025**,20****,******
202521,2025**,20****,******
202529,2025**,20****,******
202530,2025**,20****,******
202652,2026**,20****,******
202659,2026**,20****,******
202950,2029**,20****,******
203046,2030**,20****,******
203102,2031**,20****,******
203135,2031**,20****,******
203153,2031**,20****,******
203243,2032**,20****,******
203320,2033**,20****,******
203455,2034**,20****,******
203504,2035**,20****,******
203643,2036**,20****,******
203730,2037**,20****,******
203751,2037**,20****,******
203757,2037**,20****,******
203858,2038**,20****,******
203942,2039**,20****,******
204039,2040**,20****,******
204109,2041**,20****,******
204210,2042**,20****,******
204220,2042**,20****,******
204354,2043**,20****,******
204408,2044**,20****,******
204420,2044**,20****,******
204427,2044**,20****,******
204428,2044**,20****,******
204535,2045**,20****,******
204545,2045**,20****,******
204556,2045**,20****,******
204643,2046**,20****,******
204706,2047**,20****,******
204713,2047**,20****,******
204716,2047**,20****,******
204758,2047**,20****,******
204854,2048**,20****,******
204855,2048**,20****,******
204858,2048**,20****,******
204904,2049**,20****,******
204905,2049**,20****,******
204950,2049**,20****,******
204959,2049**,20****,******
205112,2051**,20****,******
205131,2051**,20****,******
205247,2052**,20****,******
205318,2053**,20****,******
205334,2053**,20****,******
205348,2053**,20****,******
205349,2053**,20****,******
205408,2054**,20****,******
205450,2054**,20****,******
205529,2055**,20****,******
205627,2056**,20****,******
205641,2056**,20****,******
205646,2056**,20****,******
205647,2056**,20****,******
205744,2057**,20****,******
205823,2058**,20****,******
205915,2059**,20****,******
210023,2100**,21****,******
210030,2100**,21****,******
210057,2100**,21****,******
210349,2103**,21****,******
210411,2104**,21****,******
210443,2104**,21****,******
210526,2105**,21****,******
210547,2105**,21****,******
210644,2106**,21****,******
210705,2107**,21****,******
210809,2108**,21****,******
210844,2108**,21****,******
210852,2108**,21****,******
210853,2108**,21****,******
210906,2109**,21****,******
210958,2109**,21****,******
211001,2110**,21****,******
211100,2111**,21****,******
211218,2112**,21****,******
211223,2112**,21****,******
211321,2113**,21****,******
211426,2114**,21****,******
211617,2116**,21****,******
212840,2128**,21****,******
212949,2129**,21****,******
213403,2134**,21****,******
213550,2135**,21****,******
213907,2139**,21****,******
214222,2142**,21****,******
214504,2145**,21****,******
215037,2150**,21****,******
NULL,NULL**,NU****,******
